{"loss": [1.7472492456436157, 1.0707989931106567, 0.8499515056610107, 0.6899473071098328, 0.5688137412071228, 0.4902202785015106, 0.4037472605705261, 0.33183255791664124, 0.29075887799263, 0.23511484265327454], "accuracy": [0.42247268557548523, 0.6407103538513184, 0.7182376980781555, 0.7863729596138, 0.8333333134651184, 0.8615095615386963, 0.8951502442359924, 0.9272540807723999, 0.9363046288490295, 0.9564549326896667], "val_loss": [1.3184046745300293, 1.2110183238983154, 1.16298246383667, 1.1864149570465088, 1.1106420755386353, 1.1427172422409058, 1.1512576341629028, 1.2100379467010498, 1.1654174327850342, 1.2121127843856812], "val_accuracy": [0.5580918192863464, 0.5860477089881897, 0.6083611249923706, 0.5983585715293884, 0.6214414238929749, 0.6242626309394836, 0.6352910995483398, 0.6142600774765015, 0.6281097531318665, 0.6237496733665466]}