{"loss": [2.3014237880706787, 2.184303045272827, 2.132455348968506, 2.0826919078826904, 2.056718587875366, 2.033519744873047, 2.0176429748535156, 2.0027103424072266, 1.965928554534912, 1.968245267868042, 1.9579102993011475, 1.923514485359192, 1.9116302728652954, 1.8983874320983887, 1.89133620262146, 1.8767770528793335, 1.8763484954833984, 1.8518046140670776, 1.8339852094650269, 1.8250844478607178, 1.822990894317627, 1.8094406127929688, 1.8012646436691284, 1.7849937677383423, 1.7818702459335327, 1.77618408203125, 1.7605754137039185, 1.7507283687591553, 1.7389347553253174, 1.7377177476882935, 1.735567331314087, 1.738709807395935, 1.7278618812561035, 1.7031606435775757, 1.7057387828826904, 1.7014650106430054, 1.6976871490478516, 1.6951205730438232, 1.6715091466903687, 1.6704260110855103, 1.6738005876541138, 1.6577345132827759, 1.6608283519744873, 1.656959891319275, 1.6437418460845947, 1.628841519355774, 1.626310110092163, 1.625799298286438, 1.6174116134643555, 1.6155946254730225, 1.6065950393676758, 1.599704384803772, 1.5915539264678955, 1.5925133228302002, 1.5846327543258667, 1.580233097076416, 1.5768415927886963, 1.5791969299316406, 1.563783049583435, 1.5643270015716553, 1.5473119020462036, 1.5646533966064453, 1.5469937324523926, 1.5427910089492798, 1.5320427417755127, 1.5230592489242554, 1.5352870225906372, 1.5216186046600342, 1.5141898393630981, 1.50505793094635, 1.5049480199813843, 1.500306487083435, 1.4981216192245483, 1.5048452615737915, 1.5108462572097778, 1.493114709854126, 1.4851763248443604, 1.473219394683838, 1.4750676155090332, 1.471872329711914, 1.4689829349517822, 1.4657487869262695, 1.4578235149383545, 1.4604483842849731, 1.4513906240463257, 1.457106590270996, 1.458228588104248, 1.443761944770813, 1.4364724159240723, 1.4220812320709229, 1.425362229347229, 1.4344207048416138, 1.4193788766860962, 1.4132543802261353, 1.4076706171035767, 1.407667636871338, 1.4080229997634888, 1.3985480070114136, 1.3950899839401245, 1.4020905494689941], "acc": [0.1769125610589981, 0.23189890384674072, 0.2501707673072815, 0.27237021923065186, 0.2882513701915741, 0.2914958894252777, 0.3060109317302704, 0.2983264923095703, 0.31762295961380005, 0.31147539615631104, 0.31847676634788513, 0.3266735076904297, 0.33145493268966675, 0.34170082211494446, 0.3439207673072815, 0.34204235672950745, 0.34836065769195557, 0.3580942749977112, 0.3609972596168518, 0.3601434528827667, 0.3673155605792999, 0.3707308769226074, 0.37670764327049255, 0.38370901346206665, 0.3811475336551666, 0.3857581913471222, 0.3927595615386963, 0.3891735076904297, 0.403005450963974, 0.3990778625011444, 0.4026639461517334, 0.39122268557548523, 0.40522539615631104, 0.4139344394207001, 0.4064207673072815, 0.41530054807662964, 0.42247268557548523, 0.4123975336551666, 0.4270833432674408, 0.42452186346054077, 0.4168374240398407, 0.42503416538238525, 0.4270833432674408, 0.43254780769348145, 0.43203550577163696, 0.43971994519233704, 0.4373292326927185, 0.43869534134864807, 0.43920764327049255, 0.4480874240398407, 0.44945356249809265, 0.4455259442329407, 0.45047813653945923, 0.4549180269241333, 0.4542349874973297, 0.45679643750190735, 0.4586748778820038, 0.4607240557670593, 0.4622609317302704, 0.46653005480766296, 0.4692623019218445, 0.465505450963974, 0.4682376980781555, 0.47114071249961853, 0.4796789586544037, 0.4786543846130371, 0.47728824615478516, 0.48087432980537415, 0.4825819730758667, 0.4853142201900482, 0.48019126057624817, 0.4858264923095703, 0.4895833432674408, 0.48497268557548523, 0.48428961634635925, 0.49453550577163696, 0.49129098653793335, 0.49914616346359253, 0.49778005480766296, 0.4955601096153259, 0.499316930770874, 0.5059767961502075, 0.5075136423110962, 0.497096985578537, 0.5110997557640076, 0.5030737519264221, 0.49829235672950745, 0.5080259442329407, 0.5104166865348816, 0.5196380019187927, 0.5204917788505554, 0.5131489038467407, 0.5179303288459778, 0.5148565769195557, 0.5208333134651184, 0.5221994519233704, 0.5227117538452148, 0.5216871500015259, 0.5232240557670593, 0.5203210115432739], "val_loss": [2.205732822418213, 2.1550583839416504, 2.122626781463623, 2.0971336364746094, 2.0874080657958984, 2.065567970275879, 2.0733566284179688, 2.050891876220703, 2.0347957611083984, 2.077122926712036, 2.050297260284424, 2.0195441246032715, 2.0323166847229004, 2.0229146480560303, 2.017897367477417, 2.047279119491577, 2.011539936065674, 2.0210516452789307, 2.0104105472564697, 2.0335404872894287, 2.0213379859924316, 2.0121235847473145, 2.0417304039001465, 2.020355224609375, 2.029775381088257, 2.0399155616760254, 2.021413564682007, 2.012826919555664, 2.0183541774749756, 2.0278775691986084, 2.093493938446045, 2.0348803997039795, 2.035834550857544, 2.037971258163452, 2.040132761001587, 2.0366058349609375, 2.0494444370269775, 2.0397865772247314, 2.0488996505737305, 2.0356061458587646, 2.078158378601074, 2.068199872970581, 2.0840280055999756, 2.064056873321533, 2.0596232414245605, 2.0788819789886475, 2.095916748046875, 2.061978816986084, 2.084193706512451, 2.0854127407073975, 2.091773748397827, 2.0880494117736816, 2.1003520488739014, 2.086469888687134, 2.105316400527954, 2.090224266052246, 2.1212267875671387, 2.132551670074463, 2.124490737915039, 2.1012167930603027, 2.1151010990142822, 2.1115474700927734, 2.129786491394043, 2.1252660751342773, 2.1256496906280518, 2.145179510116577, 2.1383798122406006, 2.1558773517608643, 2.1640422344207764, 2.142021894454956, 2.1789097785949707, 2.1564579010009766, 2.151765823364258, 2.1742751598358154, 2.1731791496276855, 2.193570613861084, 2.1907644271850586, 2.189317464828491, 2.191880941390991, 2.189520835876465, 2.2271738052368164, 2.204838991165161, 2.2055556774139404, 2.2193479537963867, 2.2293248176574707, 2.2492964267730713, 2.209158182144165, 2.221980094909668, 2.2225677967071533, 2.244732618331909, 2.310534715652466, 2.269963026046753, 2.250098943710327, 2.2532877922058105, 2.268465995788574, 2.259251117706299, 2.309854745864868, 2.269178867340088, 2.2838525772094727, 2.2798213958740234],